file,status,error
[EMBR_e4e774d94b8c5183e83764f29ef8da70]_Avalia____o_das_caracter__sticas_fisico_qu__micas_.pdf,ok,"2026/02/19 20:54:28 Starting conversion: %s (format=%s) c:\Users\Vicente\prismaid\projects\caju_beverages\03_screening\pdfs\[EMBR_e4e774d94b8c5183e83764f29ef8da70]_Avalia____o_das_caracter__sticas_fisico_qu__micas_.pdf pdf 2026/02/19 20:54:28 Successfully wrote to %s c:\Users\Vicente\prismaid\projects\caju_beverages\03_screening\pdfs\[EMBR_e4e774d94b8c5183e83764f29ef8da70]_Avalia____o_das_caracter__sticas_fisico_qu__micas_.txt 2026/02/19 20:54:28 Finished conversion: %s (format=%s, tika=%t, duration=%s) c:\Users\Vicente\prismaid\projects\caju_beverages\03_screening\pdfs\[EMBR_e4e774d94b8c5183e83764f29ef8da70]_Avalia____o_das_caracter__sticas_fisico_qu__micas_.pdf pdf false 448.8066ms 2026/02/19 20:54:28 Successfully converted file %s to txt (source=pdf)  c:\Users\Vicente\prismaid\projects\caju_beverages\03_screening\pdfs\[EMBR_e4e774d94b8c5183e83764f29ef8da70]_Avalia____o_das_caracter__sticas_fisico_qu__micas_.pdf"
[EMBR_f8295c340411437197859d0f064d13cf]_Compostos_fen__licos_em_ped__nculos_de_clones_de_c.pdf,ok,"2026/02/19 20:54:28 Starting conversion: %s (format=%s) c:\Users\Vicente\prismaid\projects\caju_beverages\03_screening\pdfs\[EMBR_f8295c340411437197859d0f064d13cf]_Compostos_fen__licos_em_ped__nculos_de_clones_de_c.pdf pdf 2026/02/19 20:54:29 Successfully wrote to %s c:\Users\Vicente\prismaid\projects\caju_beverages\03_screening\pdfs\[EMBR_f8295c340411437197859d0f064d13cf]_Compostos_fen__licos_em_ped__nculos_de_clones_de_c.txt 2026/02/19 20:54:29 Finished conversion: %s (format=%s, tika=%t, duration=%s) c:\Users\Vicente\prismaid\projects\caju_beverages\03_screening\pdfs\[EMBR_f8295c340411437197859d0f064d13cf]_Compostos_fen__licos_em_ped__nculos_de_clones_de_c.pdf pdf false 546.9364ms 2026/02/19 20:54:29 Successfully converted file %s to txt (source=pdf)  c:\Users\Vicente\prismaid\projects\caju_beverages\03_screening\pdfs\[EMBR_f8295c340411437197859d0f064d13cf]_Compostos_fen__licos_em_ped__nculos_de_clones_de_c.pdf"
[EMBR_fe566643b70b949602aa0ad23cbf8a53]_Antecipa____o_do_ponto_de_colheita_do_caju_CCP_76_.pdf,ok,"2026/02/19 20:54:29 Starting conversion: %s (format=%s) c:\Users\Vicente\prismaid\projects\caju_beverages\03_screening\pdfs\[EMBR_fe566643b70b949602aa0ad23cbf8a53]_Antecipa____o_do_ponto_de_colheita_do_caju_CCP_76_.pdf pdf 2026/02/19 20:54:30 Successfully wrote to %s c:\Users\Vicente\prismaid\projects\caju_beverages\03_screening\pdfs\[EMBR_fe566643b70b949602aa0ad23cbf8a53]_Antecipa____o_do_ponto_de_colheita_do_caju_CCP_76_.txt 2026/02/19 20:54:30 Finished conversion: %s (format=%s, tika=%t, duration=%s) c:\Users\Vicente\prismaid\projects\caju_beverages\03_screening\pdfs\[EMBR_fe566643b70b949602aa0ad23cbf8a53]_Antecipa____o_do_ponto_de_colheita_do_caju_CCP_76_.pdf pdf false 732.5699ms 2026/02/19 20:54:30 Successfully converted file %s to txt (source=pdf)  c:\Users\Vicente\prismaid\projects\caju_beverages\03_screening\pdfs\[EMBR_fe566643b70b949602aa0ad23cbf8a53]_Antecipa____o_do_ponto_de_colheita_do_caju_CCP_76_.pdf"
[UFC-7_0eccea928da3cb82c6fbf898425a34fe]_Desenvolvimento_de_n__ctares_mistos____base_de_caj.pdf,ok,"2026/02/19 20:54:30 Starting conversion: %s (format=%s) c:\Users\Vicente\prismaid\projects\caju_beverages\03_screening\pdfs\[UFC-7_0eccea928da3cb82c6fbf898425a34fe]_Desenvolvimento_de_n__ctares_mistos____base_de_caj.pdf pdf 2026/02/19 20:54:30 Successfully wrote to %s c:\Users\Vicente\prismaid\projects\caju_beverages\03_screening\pdfs\[UFC-7_0eccea928da3cb82c6fbf898425a34fe]_Desenvolvimento_de_n__ctares_mistos____base_de_caj.txt 2026/02/19 20:54:30 Finished conversion: %s (format=%s, tika=%t, duration=%s) c:\Users\Vicente\prismaid\projects\caju_beverages\03_screening\pdfs\[UFC-7_0eccea928da3cb82c6fbf898425a34fe]_Desenvolvimento_de_n__ctares_mistos____base_de_caj.pdf pdf false 142.6453ms 2026/02/19 20:54:30 Successfully converted file %s to txt (source=pdf)  c:\Users\Vicente\prismaid\projects\caju_beverages\03_screening\pdfs\[UFC-7_0eccea928da3cb82c6fbf898425a34fe]_Desenvolvimento_de_n__ctares_mistos____base_de_caj.pdf"
[UFC-7_155bb9a7cef2bffab6fbc00b43ecfd57]_Desenvolvimento_de_bebida_vegetal____base_de_am__n.pdf,ok,"2026/02/19 20:54:30 Starting conversion: %s (format=%s) c:\Users\Vicente\prismaid\projects\caju_beverages\03_screening\pdfs\[UFC-7_155bb9a7cef2bffab6fbc00b43ecfd57]_Desenvolvimento_de_bebida_vegetal____base_de_am__n.pdf pdf 2026/02/19 20:54:30 Successfully wrote to %s c:\Users\Vicente\prismaid\projects\caju_beverages\03_screening\pdfs\[UFC-7_155bb9a7cef2bffab6fbc00b43ecfd57]_Desenvolvimento_de_bebida_vegetal____base_de_am__n.txt 2026/02/19 20:54:30 Finished conversion: %s (format=%s, tika=%t, duration=%s) c:\Users\Vicente\prismaid\projects\caju_beverages\03_screening\pdfs\[UFC-7_155bb9a7cef2bffab6fbc00b43ecfd57]_Desenvolvimento_de_bebida_vegetal____base_de_am__n.pdf pdf false 530.931ms 2026/02/19 20:54:30 Successfully converted file %s to txt (source=pdf)  c:\Users\Vicente\prismaid\projects\caju_beverages\03_screening\pdfs\[UFC-7_155bb9a7cef2bffab6fbc00b43ecfd57]_Desenvolvimento_de_bebida_vegetal____base_de_am__n.pdf"
[UFC-7_231a484d995ddefa096eb7c2fbf806f9]_Avalia____o_sensorial_e_caracteriza____o_de_cervej.pdf,ok,"2026/02/19 20:54:31 Starting conversion: %s (format=%s) c:\Users\Vicente\prismaid\projects\caju_beverages\03_screening\pdfs\[UFC-7_231a484d995ddefa096eb7c2fbf806f9]_Avalia____o_sensorial_e_caracteriza____o_de_cervej.pdf pdf 2026/02/19 20:54:31 Successfully wrote to %s c:\Users\Vicente\prismaid\projects\caju_beverages\03_screening\pdfs\[UFC-7_231a484d995ddefa096eb7c2fbf806f9]_Avalia____o_sensorial_e_caracteriza____o_de_cervej.txt 2026/02/19 20:54:31 Finished conversion: %s (format=%s, tika=%t, duration=%s) c:\Users\Vicente\prismaid\projects\caju_beverages\03_screening\pdfs\[UFC-7_231a484d995ddefa096eb7c2fbf806f9]_Avalia____o_sensorial_e_caracteriza____o_de_cervej.pdf pdf false 53.66ms 2026/02/19 20:54:31 Successfully converted file %s to txt (source=pdf)  c:\Users\Vicente\prismaid\projects\caju_beverages\03_screening\pdfs\[UFC-7_231a484d995ddefa096eb7c2fbf806f9]_Avalia____o_sensorial_e_caracteriza____o_de_cervej.pdf"
[UFC-7_25560a39a214a7125ebac33f0994b334]_Avalia____o_da_toxicidade_de_suco_de_caju__Anacard.pdf,ok,"2026/02/19 20:54:31 Starting conversion: %s (format=%s) c:\Users\Vicente\prismaid\projects\caju_beverages\03_screening\pdfs\[UFC-7_25560a39a214a7125ebac33f0994b334]_Avalia____o_da_toxicidade_de_suco_de_caju__Anacard.pdf pdf 2026/02/19 20:54:31 Successfully wrote to %s c:\Users\Vicente\prismaid\projects\caju_beverages\03_screening\pdfs\[UFC-7_25560a39a214a7125ebac33f0994b334]_Avalia____o_da_toxicidade_de_suco_de_caju__Anacard.txt 2026/02/19 20:54:31 Finished conversion: %s (format=%s, tika=%t, duration=%s) c:\Users\Vicente\prismaid\projects\caju_beverages\03_screening\pdfs\[UFC-7_25560a39a214a7125ebac33f0994b334]_Avalia____o_da_toxicidade_de_suco_de_caju__Anacard.pdf pdf false 747.8143ms 2026/02/19 20:54:31 Successfully converted file %s to txt (source=pdf)  c:\Users\Vicente\prismaid\projects\caju_beverages\03_screening\pdfs\[UFC-7_25560a39a214a7125ebac33f0994b334]_Avalia____o_da_toxicidade_de_suco_de_caju__Anacard.pdf"
[UFC-7_269f49e2ea81fe1c1c7a728bcec58e13]_Efeito_do_suco_de_caju__Anacardium_occidentale_L__.pdf,ok,"2026/02/19 20:54:32 Starting conversion: %s (format=%s) c:\Users\Vicente\prismaid\projects\caju_beverages\03_screening\pdfs\[UFC-7_269f49e2ea81fe1c1c7a728bcec58e13]_Efeito_do_suco_de_caju__Anacardium_occidentale_L__.pdf pdf 2026/02/19 20:54:32 Successfully wrote to %s c:\Users\Vicente\prismaid\projects\caju_beverages\03_screening\pdfs\[UFC-7_269f49e2ea81fe1c1c7a728bcec58e13]_Efeito_do_suco_de_caju__Anacardium_occidentale_L__.txt 2026/02/19 20:54:32 Finished conversion: %s (format=%s, tika=%t, duration=%s) c:\Users\Vicente\prismaid\projects\caju_beverages\03_screening\pdfs\[UFC-7_269f49e2ea81fe1c1c7a728bcec58e13]_Efeito_do_suco_de_caju__Anacardium_occidentale_L__.pdf pdf false 795.4857ms 2026/02/19 20:54:32 Successfully converted file %s to txt (source=pdf)  c:\Users\Vicente\prismaid\projects\caju_beverages\03_screening\pdfs\[UFC-7_269f49e2ea81fe1c1c7a728bcec58e13]_Efeito_do_suco_de_caju__Anacardium_occidentale_L__.pdf"
[UFC-7_30ec96eece353dc45e1b9445cf1b8254]_Estudo_cin__tico_da_fermenta____o_de_kefir_e_kombu.pdf,ok,"2026/02/19 20:54:32 Starting conversion: %s (format=%s) c:\Users\Vicente\prismaid\projects\caju_beverages\03_screening\pdfs\[UFC-7_30ec96eece353dc45e1b9445cf1b8254]_Estudo_cin__tico_da_fermenta____o_de_kefir_e_kombu.pdf pdf 2026/02/19 20:54:33 Successfully wrote to %s c:\Users\Vicente\prismaid\projects\caju_beverages\03_screening\pdfs\[UFC-7_30ec96eece353dc45e1b9445cf1b8254]_Estudo_cin__tico_da_fermenta____o_de_kefir_e_kombu.txt 2026/02/19 20:54:33 Finished conversion: %s (format=%s, tika=%t, duration=%s) c:\Users\Vicente\prismaid\projects\caju_beverages\03_screening\pdfs\[UFC-7_30ec96eece353dc45e1b9445cf1b8254]_Estudo_cin__tico_da_fermenta____o_de_kefir_e_kombu.pdf pdf false 419.2351ms 2026/02/19 20:54:33 Successfully converted file %s to txt (source=pdf)  c:\Users\Vicente\prismaid\projects\caju_beverages\03_screening\pdfs\[UFC-7_30ec96eece353dc45e1b9445cf1b8254]_Estudo_cin__tico_da_fermenta____o_de_kefir_e_kombu.pdf"
[UFC-7_314767da999ae7ca39886fb7a836a296]_Estudo_qu__mico_e_tecnol__gico_do_caju__Anacardium.pdf,ok,"2026/02/19 20:54:33 Starting conversion: %s (format=%s) c:\Users\Vicente\prismaid\projects\caju_beverages\03_screening\pdfs\[UFC-7_314767da999ae7ca39886fb7a836a296]_Estudo_qu__mico_e_tecnol__gico_do_caju__Anacardium.pdf pdf 2026/02/19 20:54:33 Successfully wrote to %s c:\Users\Vicente\prismaid\projects\caju_beverages\03_screening\pdfs\[UFC-7_314767da999ae7ca39886fb7a836a296]_Estudo_qu__mico_e_tecnol__gico_do_caju__Anacardium.txt 2026/02/19 20:54:33 Finished conversion: %s (format=%s, tika=%t, duration=%s) c:\Users\Vicente\prismaid\projects\caju_beverages\03_screening\pdfs\[UFC-7_314767da999ae7ca39886fb7a836a296]_Estudo_qu__mico_e_tecnol__gico_do_caju__Anacardium.pdf pdf false 502.93ms 2026/02/19 20:54:33 Successfully converted file %s to txt (source=pdf)  c:\Users\Vicente\prismaid\projects\caju_beverages\03_screening\pdfs\[UFC-7_314767da999ae7ca39886fb7a836a296]_Estudo_qu__mico_e_tecnol__gico_do_caju__Anacardium.pdf"
[UFC-7_441afd419b28a579724a7123cae5808d]_Fermenta____o_alco__lica_do_suco_de_caju__anacardi.pdf,ok,"2026/02/19 20:54:34 Starting conversion: %s (format=%s) c:\Users\Vicente\prismaid\projects\caju_beverages\03_screening\pdfs\[UFC-7_441afd419b28a579724a7123cae5808d]_Fermenta____o_alco__lica_do_suco_de_caju__anacardi.pdf pdf 2026/02/19 20:54:35 Successfully wrote to %s c:\Users\Vicente\prismaid\projects\caju_beverages\03_screening\pdfs\[UFC-7_441afd419b28a579724a7123cae5808d]_Fermenta____o_alco__lica_do_suco_de_caju__anacardi.txt 2026/02/19 20:54:35 Finished conversion: %s (format=%s, tika=%t, duration=%s) c:\Users\Vicente\prismaid\projects\caju_beverages\03_screening\pdfs\[UFC-7_441afd419b28a579724a7123cae5808d]_Fermenta____o_alco__lica_do_suco_de_caju__anacardi.pdf pdf false 1.1180664s 2026/02/19 20:54:35 Successfully converted file %s to txt (source=pdf)  c:\Users\Vicente\prismaid\projects\caju_beverages\03_screening\pdfs\[UFC-7_441afd419b28a579724a7123cae5808d]_Fermenta____o_alco__lica_do_suco_de_caju__anacardi.pdf"
[UFC-7_531d9351177cc07dc912496adfe00c14]_Efeito_do_extrato_do_baga__o_do_pend__culo_de_caju.pdf,ok,"2026/02/19 20:54:35 Starting conversion: %s (format=%s) c:\Users\Vicente\prismaid\projects\caju_beverages\03_screening\pdfs\[UFC-7_531d9351177cc07dc912496adfe00c14]_Efeito_do_extrato_do_baga__o_do_pend__culo_de_caju.pdf pdf 2026/02/19 20:54:35 Successfully wrote to %s c:\Users\Vicente\prismaid\projects\caju_beverages\03_screening\pdfs\[UFC-7_531d9351177cc07dc912496adfe00c14]_Efeito_do_extrato_do_baga__o_do_pend__culo_de_caju.txt 2026/02/19 20:54:35 Finished conversion: %s (format=%s, tika=%t, duration=%s) c:\Users\Vicente\prismaid\projects\caju_beverages\03_screening\pdfs\[UFC-7_531d9351177cc07dc912496adfe00c14]_Efeito_do_extrato_do_baga__o_do_pend__culo_de_caju.pdf pdf false 330.8516ms 2026/02/19 20:54:35 Successfully converted file %s to txt (source=pdf)  c:\Users\Vicente\prismaid\projects\caju_beverages\03_screening\pdfs\[UFC-7_531d9351177cc07dc912496adfe00c14]_Efeito_do_extrato_do_baga__o_do_pend__culo_de_caju.pdf"
[UFC-7_5d88fd420edeb8e8f9de2cf22f0702dc]_Atividades_antioxidante__anti_inflamat__ria_e_cica.pdf,ok,"2026/02/19 20:54:35 Starting conversion: %s (format=%s) c:\Users\Vicente\prismaid\projects\caju_beverages\03_screening\pdfs\[UFC-7_5d88fd420edeb8e8f9de2cf22f0702dc]_Atividades_antioxidante__anti_inflamat__ria_e_cica.pdf pdf 2026/02/19 20:54:36 Successfully wrote to %s c:\Users\Vicente\prismaid\projects\caju_beverages\03_screening\pdfs\[UFC-7_5d88fd420edeb8e8f9de2cf22f0702dc]_Atividades_antioxidante__anti_inflamat__ria_e_cica.txt 2026/02/19 20:54:36 Finished conversion: %s (format=%s, tika=%t, duration=%s) c:\Users\Vicente\prismaid\projects\caju_beverages\03_screening\pdfs\[UFC-7_5d88fd420edeb8e8f9de2cf22f0702dc]_Atividades_antioxidante__anti_inflamat__ria_e_cica.pdf pdf false 441.3281ms 2026/02/19 20:54:36 Successfully converted file %s to txt (source=pdf)  c:\Users\Vicente\prismaid\projects\caju_beverages\03_screening\pdfs\[UFC-7_5d88fd420edeb8e8f9de2cf22f0702dc]_Atividades_antioxidante__anti_inflamat__ria_e_cica.pdf"
[UFC-7_6d20213f8e4e63e8e4b1b40a0fb8ac44]_Estudo_da_viabilidade_da_produ____o_de_etanol_a_pa.pdf,ok,"2026/02/19 20:54:36 Starting conversion: %s (format=%s) c:\Users\Vicente\prismaid\projects\caju_beverages\03_screening\pdfs\[UFC-7_6d20213f8e4e63e8e4b1b40a0fb8ac44]_Estudo_da_viabilidade_da_produ____o_de_etanol_a_pa.pdf pdf 2026/02/19 20:54:36 Successfully wrote to %s c:\Users\Vicente\prismaid\projects\caju_beverages\03_screening\pdfs\[UFC-7_6d20213f8e4e63e8e4b1b40a0fb8ac44]_Estudo_da_viabilidade_da_produ____o_de_etanol_a_pa.txt 2026/02/19 20:54:36 Finished conversion: %s (format=%s, tika=%t, duration=%s) c:\Users\Vicente\prismaid\projects\caju_beverages\03_screening\pdfs\[UFC-7_6d20213f8e4e63e8e4b1b40a0fb8ac44]_Estudo_da_viabilidade_da_produ____o_de_etanol_a_pa.pdf pdf false 567.7013ms 2026/02/19 20:54:36 Successfully converted file %s to txt (source=pdf)  c:\Users\Vicente\prismaid\projects\caju_beverages\03_screening\pdfs\[UFC-7_6d20213f8e4e63e8e4b1b40a0fb8ac44]_Estudo_da_viabilidade_da_produ____o_de_etanol_a_pa.pdf"
[UFC-7_6f368b8a2a062636fc33aafcdfe01967]_Efeito_do_processamento_sobre_caracter__sticas_de_.pdf,ok,"2026/02/19 20:54:36 Starting conversion: %s (format=%s) c:\Users\Vicente\prismaid\projects\caju_beverages\03_screening\pdfs\[UFC-7_6f368b8a2a062636fc33aafcdfe01967]_Efeito_do_processamento_sobre_caracter__sticas_de_.pdf pdf 2026/02/19 20:54:37 Successfully wrote to %s c:\Users\Vicente\prismaid\projects\caju_beverages\03_screening\pdfs\[UFC-7_6f368b8a2a062636fc33aafcdfe01967]_Efeito_do_processamento_sobre_caracter__sticas_de_.txt 2026/02/19 20:54:37 Finished conversion: %s (format=%s, tika=%t, duration=%s) c:\Users\Vicente\prismaid\projects\caju_beverages\03_screening\pdfs\[UFC-7_6f368b8a2a062636fc33aafcdfe01967]_Efeito_do_processamento_sobre_caracter__sticas_de_.pdf pdf false 465.0993ms 2026/02/19 20:54:37 Successfully converted file %s to txt (source=pdf)  c:\Users\Vicente\prismaid\projects\caju_beverages\03_screening\pdfs\[UFC-7_6f368b8a2a062636fc33aafcdfe01967]_Efeito_do_processamento_sobre_caracter__sticas_de_.pdf"
[UFC-7_84aacb2d22ca7ab512b6298546fad251]_Efeito_prebi__tico_de_suco_de_caju__Anacardium_occ.pdf,ok,"2026/02/19 20:54:37 Starting conversion: %s (format=%s) c:\Users\Vicente\prismaid\projects\caju_beverages\03_screening\pdfs\[UFC-7_84aacb2d22ca7ab512b6298546fad251]_Efeito_prebi__tico_de_suco_de_caju__Anacardium_occ.pdf pdf 2026/02/19 20:54:38 Successfully wrote to %s c:\Users\Vicente\prismaid\projects\caju_beverages\03_screening\pdfs\[UFC-7_84aacb2d22ca7ab512b6298546fad251]_Efeito_prebi__tico_de_suco_de_caju__Anacardium_occ.txt 2026/02/19 20:54:38 Finished conversion: %s (format=%s, tika=%t, duration=%s) c:\Users\Vicente\prismaid\projects\caju_beverages\03_screening\pdfs\[UFC-7_84aacb2d22ca7ab512b6298546fad251]_Efeito_prebi__tico_de_suco_de_caju__Anacardium_occ.pdf pdf false 938.0324ms 2026/02/19 20:54:38 Successfully converted file %s to txt (source=pdf)  c:\Users\Vicente\prismaid\projects\caju_beverages\03_screening\pdfs\[UFC-7_84aacb2d22ca7ab512b6298546fad251]_Efeito_prebi__tico_de_suco_de_caju__Anacardium_occ.pdf"
[UFC-7_859d4dc7b28bc4d2d48691daf939286a]_Elabora____o__caracteriza____o_f__sico_qu__mica_e_.pdf,ok,"2026/02/19 20:54:38 Starting conversion: %s (format=%s) c:\Users\Vicente\prismaid\projects\caju_beverages\03_screening\pdfs\[UFC-7_859d4dc7b28bc4d2d48691daf939286a]_Elabora____o__caracteriza____o_f__sico_qu__mica_e_.pdf pdf 2026/02/19 20:54:38 Successfully wrote to %s c:\Users\Vicente\prismaid\projects\caju_beverages\03_screening\pdfs\[UFC-7_859d4dc7b28bc4d2d48691daf939286a]_Elabora____o__caracteriza____o_f__sico_qu__mica_e_.txt 2026/02/19 20:54:38 Finished conversion: %s (format=%s, tika=%t, duration=%s) c:\Users\Vicente\prismaid\projects\caju_beverages\03_screening\pdfs\[UFC-7_859d4dc7b28bc4d2d48691daf939286a]_Elabora____o__caracteriza____o_f__sico_qu__mica_e_.pdf pdf false 92.7999ms 2026/02/19 20:54:38 Successfully converted file %s to txt (source=pdf)  c:\Users\Vicente\prismaid\projects\caju_beverages\03_screening\pdfs\[UFC-7_859d4dc7b28bc4d2d48691daf939286a]_Elabora____o__caracteriza____o_f__sico_qu__mica_e_.pdf"
[UFC-7_85fb59ad86b275bbe7419c59c76906e1]_Efeito_esofagoprotetor_de_um_biopol__mero__a_goma_.pdf,ok,"2026/02/19 20:54:38 Starting conversion: %s (format=%s) c:\Users\Vicente\prismaid\projects\caju_beverages\03_screening\pdfs\[UFC-7_85fb59ad86b275bbe7419c59c76906e1]_Efeito_esofagoprotetor_de_um_biopol__mero__a_goma_.pdf pdf 2026/02/19 20:54:39 Successfully wrote to %s c:\Users\Vicente\prismaid\projects\caju_beverages\03_screening\pdfs\[UFC-7_85fb59ad86b275bbe7419c59c76906e1]_Efeito_esofagoprotetor_de_um_biopol__mero__a_goma_.txt 2026/02/19 20:54:39 Finished conversion: %s (format=%s, tika=%t, duration=%s) c:\Users\Vicente\prismaid\projects\caju_beverages\03_screening\pdfs\[UFC-7_85fb59ad86b275bbe7419c59c76906e1]_Efeito_esofagoprotetor_de_um_biopol__mero__a_goma_.pdf pdf false 1.0070114s 2026/02/19 20:54:39 Successfully converted file %s to txt (source=pdf)  c:\Users\Vicente\prismaid\projects\caju_beverages\03_screening\pdfs\[UFC-7_85fb59ad86b275bbe7419c59c76906e1]_Efeito_esofagoprotetor_de_um_biopol__mero__a_goma_.pdf"
[UFC-7_988e31ac1a02682de181c8e8cb031007]_Caracteriza____o_e_estudo_da_aplicabilidade_do_bio.pdf,ok,"2026/02/19 20:54:40 Starting conversion: %s (format=%s) c:\Users\Vicente\prismaid\projects\caju_beverages\03_screening\pdfs\[UFC-7_988e31ac1a02682de181c8e8cb031007]_Caracteriza____o_e_estudo_da_aplicabilidade_do_bio.pdf pdf 2026/02/19 20:54:41 Successfully wrote to %s c:\Users\Vicente\prismaid\projects\caju_beverages\03_screening\pdfs\[UFC-7_988e31ac1a02682de181c8e8cb031007]_Caracteriza____o_e_estudo_da_aplicabilidade_do_bio.txt 2026/02/19 20:54:41 Finished conversion: %s (format=%s, tika=%t, duration=%s) c:\Users\Vicente\prismaid\projects\caju_beverages\03_screening\pdfs\[UFC-7_988e31ac1a02682de181c8e8cb031007]_Caracteriza____o_e_estudo_da_aplicabilidade_do_bio.pdf pdf false 1.2970762s 2026/02/19 20:54:41 Successfully converted file %s to txt (source=pdf)  c:\Users\Vicente\prismaid\projects\caju_beverages\03_screening\pdfs\[UFC-7_988e31ac1a02682de181c8e8cb031007]_Caracteriza____o_e_estudo_da_aplicabilidade_do_bio.pdf"
[UFC-7_bb347466f0ae18399a2a091a79cd7b26]_Desidrata____o_de_polpa_de_manga_e_suco_de_caju_in.pdf,ok,"2026/02/19 20:54:41 Starting conversion: %s (format=%s) c:\Users\Vicente\prismaid\projects\caju_beverages\03_screening\pdfs\[UFC-7_bb347466f0ae18399a2a091a79cd7b26]_Desidrata____o_de_polpa_de_manga_e_suco_de_caju_in.pdf pdf 2026/02/19 20:54:41 No text rows found on page %d 4 2026/02/19 20:54:42 No text rows found on page %d 51 2026/02/19 20:54:43 Successfully wrote to %s c:\Users\Vicente\prismaid\projects\caju_beverages\03_screening\pdfs\[UFC-7_bb347466f0ae18399a2a091a79cd7b26]_Desidrata____o_de_polpa_de_manga_e_suco_de_caju_in.txt 2026/02/19 20:54:43 Finished conversion: %s (format=%s, tika=%t, duration=%s) c:\Users\Vicente\prismaid\projects\caju_beverages\03_screening\pdfs\[UFC-7_bb347466f0ae18399a2a091a79cd7b26]_Desidrata____o_de_polpa_de_manga_e_suco_de_caju_in.pdf pdf false 1.8058337s 2026/02/19 20:54:43 Successfully converted file %s to txt (source=pdf)  c:\Users\Vicente\prismaid\projects\caju_beverages\03_screening\pdfs\[UFC-7_bb347466f0ae18399a2a091a79cd7b26]_Desidrata____o_de_polpa_de_manga_e_suco_de_caju_in.pdf"
[UFC-7_bd79abacd709279e03cc6e6c2a73dbd8]_Desenvolvimento_de_uma_bebida_fermentada____base_d.pdf,ok,"2026/02/19 20:54:43 Starting conversion: %s (format=%s) c:\Users\Vicente\prismaid\projects\caju_beverages\03_screening\pdfs\[UFC-7_bd79abacd709279e03cc6e6c2a73dbd8]_Desenvolvimento_de_uma_bebida_fermentada____base_d.pdf pdf 2026/02/19 20:54:44 Successfully wrote to %s c:\Users\Vicente\prismaid\projects\caju_beverages\03_screening\pdfs\[UFC-7_bd79abacd709279e03cc6e6c2a73dbd8]_Desenvolvimento_de_uma_bebida_fermentada____base_d.txt 2026/02/19 20:54:44 Finished conversion: %s (format=%s, tika=%t, duration=%s) c:\Users\Vicente\prismaid\projects\caju_beverages\03_screening\pdfs\[UFC-7_bd79abacd709279e03cc6e6c2a73dbd8]_Desenvolvimento_de_uma_bebida_fermentada____base_d.pdf pdf false 1.12059s 2026/02/19 20:54:44 Successfully converted file %s to txt (source=pdf)  c:\Users\Vicente\prismaid\projects\caju_beverages\03_screening\pdfs\[UFC-7_bd79abacd709279e03cc6e6c2a73dbd8]_Desenvolvimento_de_uma_bebida_fermentada____base_d.pdf"
[UFC-7_d382bdede3442d0974d4ebf10047eab2]_Processamento_de_suco_de_caju__Anacardium_occident.pdf,ok,"2026/02/19 20:54:44 Starting conversion: %s (format=%s) c:\Users\Vicente\prismaid\projects\caju_beverages\03_screening\pdfs\[UFC-7_d382bdede3442d0974d4ebf10047eab2]_Processamento_de_suco_de_caju__Anacardium_occident.pdf pdf 2026/02/19 20:54:45 Successfully wrote to %s c:\Users\Vicente\prismaid\projects\caju_beverages\03_screening\pdfs\[UFC-7_d382bdede3442d0974d4ebf10047eab2]_Processamento_de_suco_de_caju__Anacardium_occident.txt 2026/02/19 20:54:45 Finished conversion: %s (format=%s, tika=%t, duration=%s) c:\Users\Vicente\prismaid\projects\caju_beverages\03_screening\pdfs\[UFC-7_d382bdede3442d0974d4ebf10047eab2]_Processamento_de_suco_de_caju__Anacardium_occident.pdf pdf false 849.7102ms 2026/02/19 20:54:45 Successfully converted file %s to txt (source=pdf)  c:\Users\Vicente\prismaid\projects\caju_beverages\03_screening\pdfs\[UFC-7_d382bdede3442d0974d4ebf10047eab2]_Processamento_de_suco_de_caju__Anacardium_occident.pdf"
[UFC-7_db7ee032cb690e2ce79bd17687f2b3ad]_Processamento_de_fibra_de_caju_por_extra____o_de_s.pdf,ok,"2026/02/19 20:54:45 Starting conversion: %s (format=%s) c:\Users\Vicente\prismaid\projects\caju_beverages\03_screening\pdfs\[UFC-7_db7ee032cb690e2ce79bd17687f2b3ad]_Processamento_de_fibra_de_caju_por_extra____o_de_s.pdf pdf 2026/02/19 20:54:46 Successfully wrote to %s c:\Users\Vicente\prismaid\projects\caju_beverages\03_screening\pdfs\[UFC-7_db7ee032cb690e2ce79bd17687f2b3ad]_Processamento_de_fibra_de_caju_por_extra____o_de_s.txt 2026/02/19 20:54:46 Finished conversion: %s (format=%s, tika=%t, duration=%s) c:\Users\Vicente\prismaid\projects\caju_beverages\03_screening\pdfs\[UFC-7_db7ee032cb690e2ce79bd17687f2b3ad]_Processamento_de_fibra_de_caju_por_extra____o_de_s.pdf pdf false 751.9535ms 2026/02/19 20:54:46 Successfully converted file %s to txt (source=pdf)  c:\Users\Vicente\prismaid\projects\caju_beverages\03_screening\pdfs\[UFC-7_db7ee032cb690e2ce79bd17687f2b3ad]_Processamento_de_fibra_de_caju_por_extra____o_de_s.pdf"
[UFCG_94a42571832b0b95e3380a4a9f3f2430]_Processo_de_obten____o_de_etanol_por_hidr__lise_en.pdf,ok,"2026/02/19 20:54:46 Starting conversion: %s (format=%s) c:\Users\Vicente\prismaid\projects\caju_beverages\03_screening\pdfs\[UFCG_94a42571832b0b95e3380a4a9f3f2430]_Processo_de_obten____o_de_etanol_por_hidr__lise_en.pdf pdf 2026/02/19 20:54:46 No text rows found on page %d 51 2026/02/19 20:54:47 Successfully wrote to %s c:\Users\Vicente\prismaid\projects\caju_beverages\03_screening\pdfs\[UFCG_94a42571832b0b95e3380a4a9f3f2430]_Processo_de_obten____o_de_etanol_por_hidr__lise_en.txt 2026/02/19 20:54:47 Finished conversion: %s (format=%s, tika=%t, duration=%s) c:\Users\Vicente\prismaid\projects\caju_beverages\03_screening\pdfs\[UFCG_94a42571832b0b95e3380a4a9f3f2430]_Processo_de_obten____o_de_etanol_por_hidr__lise_en.pdf pdf false 623.1473ms 2026/02/19 20:54:47 Successfully converted file %s to txt (source=pdf)  c:\Users\Vicente\prismaid\projects\caju_beverages\03_screening\pdfs\[UFCG_94a42571832b0b95e3380a4a9f3f2430]_Processo_de_obten____o_de_etanol_por_hidr__lise_en.pdf"
[UFC_7_0eccea928da3cb82c6fbf898425a34fe]_Desenvolvimento_de_n__ctares_mistos____base_de_caj.pdf,ok,"2026/02/19 20:54:47 Starting conversion: %s (format=%s) c:\Users\Vicente\prismaid\projects\caju_beverages\03_screening\pdfs\[UFC_7_0eccea928da3cb82c6fbf898425a34fe]_Desenvolvimento_de_n__ctares_mistos____base_de_caj.pdf pdf 2026/02/19 20:54:47 Successfully wrote to %s c:\Users\Vicente\prismaid\projects\caju_beverages\03_screening\pdfs\[UFC_7_0eccea928da3cb82c6fbf898425a34fe]_Desenvolvimento_de_n__ctares_mistos____base_de_caj.txt 2026/02/19 20:54:47 Finished conversion: %s (format=%s, tika=%t, duration=%s) c:\Users\Vicente\prismaid\projects\caju_beverages\03_screening\pdfs\[UFC_7_0eccea928da3cb82c6fbf898425a34fe]_Desenvolvimento_de_n__ctares_mistos____base_de_caj.pdf pdf false 149.3578ms 2026/02/19 20:54:47 Successfully converted file %s to txt (source=pdf)  c:\Users\Vicente\prismaid\projects\caju_beverages\03_screening\pdfs\[UFC_7_0eccea928da3cb82c6fbf898425a34fe]_Desenvolvimento_de_n__ctares_mistos____base_de_caj.pdf"
[UFC_7_155bb9a7cef2bffab6fbc00b43ecfd57]_Desenvolvimento_de_bebida_vegetal____base_de_am__n.pdf,ok,"2026/02/19 20:54:47 Starting conversion: %s (format=%s) c:\Users\Vicente\prismaid\projects\caju_beverages\03_screening\pdfs\[UFC_7_155bb9a7cef2bffab6fbc00b43ecfd57]_Desenvolvimento_de_bebida_vegetal____base_de_am__n.pdf pdf 2026/02/19 20:54:48 Successfully wrote to %s c:\Users\Vicente\prismaid\projects\caju_beverages\03_screening\pdfs\[UFC_7_155bb9a7cef2bffab6fbc00b43ecfd57]_Desenvolvimento_de_bebida_vegetal____base_de_am__n.txt 2026/02/19 20:54:48 Finished conversion: %s (format=%s, tika=%t, duration=%s) c:\Users\Vicente\prismaid\projects\caju_beverages\03_screening\pdfs\[UFC_7_155bb9a7cef2bffab6fbc00b43ecfd57]_Desenvolvimento_de_bebida_vegetal____base_de_am__n.pdf pdf false 564.126ms 2026/02/19 20:54:48 Successfully converted file %s to txt (source=pdf)  c:\Users\Vicente\prismaid\projects\caju_beverages\03_screening\pdfs\[UFC_7_155bb9a7cef2bffab6fbc00b43ecfd57]_Desenvolvimento_de_bebida_vegetal____base_de_am__n.pdf"
[UFC_7_231a484d995ddefa096eb7c2fbf806f9]_Avalia____o_sensorial_e_caracteriza____o_de_cervej.pdf,ok,"2026/02/19 20:54:48 Starting conversion: %s (format=%s) c:\Users\Vicente\prismaid\projects\caju_beverages\03_screening\pdfs\[UFC_7_231a484d995ddefa096eb7c2fbf806f9]_Avalia____o_sensorial_e_caracteriza____o_de_cervej.pdf pdf 2026/02/19 20:54:48 Successfully wrote to %s c:\Users\Vicente\prismaid\projects\caju_beverages\03_screening\pdfs\[UFC_7_231a484d995ddefa096eb7c2fbf806f9]_Avalia____o_sensorial_e_caracteriza____o_de_cervej.txt 2026/02/19 20:54:48 Finished conversion: %s (format=%s, tika=%t, duration=%s) c:\Users\Vicente\prismaid\projects\caju_beverages\03_screening\pdfs\[UFC_7_231a484d995ddefa096eb7c2fbf806f9]_Avalia____o_sensorial_e_caracteriza____o_de_cervej.pdf pdf false 55.8523ms 2026/02/19 20:54:48 Successfully converted file %s to txt (source=pdf)  c:\Users\Vicente\prismaid\projects\caju_beverages\03_screening\pdfs\[UFC_7_231a484d995ddefa096eb7c2fbf806f9]_Avalia____o_sensorial_e_caracteriza____o_de_cervej.pdf"
[UFC_7_25560a39a214a7125ebac33f0994b334]_Avalia____o_da_toxicidade_de_suco_de_caju__Anacard.pdf,ok,"2026/02/19 20:54:48 Starting conversion: %s (format=%s) c:\Users\Vicente\prismaid\projects\caju_beverages\03_screening\pdfs\[UFC_7_25560a39a214a7125ebac33f0994b334]_Avalia____o_da_toxicidade_de_suco_de_caju__Anacard.pdf pdf 2026/02/19 20:54:49 Successfully wrote to %s c:\Users\Vicente\prismaid\projects\caju_beverages\03_screening\pdfs\[UFC_7_25560a39a214a7125ebac33f0994b334]_Avalia____o_da_toxicidade_de_suco_de_caju__Anacard.txt 2026/02/19 20:54:49 Finished conversion: %s (format=%s, tika=%t, duration=%s) c:\Users\Vicente\prismaid\projects\caju_beverages\03_screening\pdfs\[UFC_7_25560a39a214a7125ebac33f0994b334]_Avalia____o_da_toxicidade_de_suco_de_caju__Anacard.pdf pdf false 1.1648754s 2026/02/19 20:54:49 Successfully converted file %s to txt (source=pdf)  c:\Users\Vicente\prismaid\projects\caju_beverages\03_screening\pdfs\[UFC_7_25560a39a214a7125ebac33f0994b334]_Avalia____o_da_toxicidade_de_suco_de_caju__Anacard.pdf"
[UFC_7_269f49e2ea81fe1c1c7a728bcec58e13]_Efeito_do_suco_de_caju__Anacardium_occidentale_L__.pdf,ok,"2026/02/19 20:54:49 Starting conversion: %s (format=%s) c:\Users\Vicente\prismaid\projects\caju_beverages\03_screening\pdfs\[UFC_7_269f49e2ea81fe1c1c7a728bcec58e13]_Efeito_do_suco_de_caju__Anacardium_occidentale_L__.pdf pdf 2026/02/19 20:54:50 Successfully wrote to %s c:\Users\Vicente\prismaid\projects\caju_beverages\03_screening\pdfs\[UFC_7_269f49e2ea81fe1c1c7a728bcec58e13]_Efeito_do_suco_de_caju__Anacardium_occidentale_L__.txt 2026/02/19 20:54:50 Finished conversion: %s (format=%s, tika=%t, duration=%s) c:\Users\Vicente\prismaid\projects\caju_beverages\03_screening\pdfs\[UFC_7_269f49e2ea81fe1c1c7a728bcec58e13]_Efeito_do_suco_de_caju__Anacardium_occidentale_L__.pdf pdf false 881.3825ms 2026/02/19 20:54:50 Successfully converted file %s to txt (source=pdf)  c:\Users\Vicente\prismaid\projects\caju_beverages\03_screening\pdfs\[UFC_7_269f49e2ea81fe1c1c7a728bcec58e13]_Efeito_do_suco_de_caju__Anacardium_occidentale_L__.pdf"
[UFC_7_30ec96eece353dc45e1b9445cf1b8254]_Estudo_cin__tico_da_fermenta____o_de_kefir_e_kombu.pdf,ok,"2026/02/19 20:54:50 Starting conversion: %s (format=%s) c:\Users\Vicente\prismaid\projects\caju_beverages\03_screening\pdfs\[UFC_7_30ec96eece353dc45e1b9445cf1b8254]_Estudo_cin__tico_da_fermenta____o_de_kefir_e_kombu.pdf pdf 2026/02/19 20:54:51 Successfully wrote to %s c:\Users\Vicente\prismaid\projects\caju_beverages\03_screening\pdfs\[UFC_7_30ec96eece353dc45e1b9445cf1b8254]_Estudo_cin__tico_da_fermenta____o_de_kefir_e_kombu.txt 2026/02/19 20:54:51 Finished conversion: %s (format=%s, tika=%t, duration=%s) c:\Users\Vicente\prismaid\projects\caju_beverages\03_screening\pdfs\[UFC_7_30ec96eece353dc45e1b9445cf1b8254]_Estudo_cin__tico_da_fermenta____o_de_kefir_e_kombu.pdf pdf false 782.615ms 2026/02/19 20:54:51 Successfully converted file %s to txt (source=pdf)  c:\Users\Vicente\prismaid\projects\caju_beverages\03_screening\pdfs\[UFC_7_30ec96eece353dc45e1b9445cf1b8254]_Estudo_cin__tico_da_fermenta____o_de_kefir_e_kombu.pdf"
[UFC_7_314767da999ae7ca39886fb7a836a296]_Estudo_qu__mico_e_tecnol__gico_do_caju__Anacardium.pdf,ok,"2026/02/19 20:54:51 Starting conversion: %s (format=%s) c:\Users\Vicente\prismaid\projects\caju_beverages\03_screening\pdfs\[UFC_7_314767da999ae7ca39886fb7a836a296]_Estudo_qu__mico_e_tecnol__gico_do_caju__Anacardium.pdf pdf 2026/02/19 20:54:52 Successfully wrote to %s c:\Users\Vicente\prismaid\projects\caju_beverages\03_screening\pdfs\[UFC_7_314767da999ae7ca39886fb7a836a296]_Estudo_qu__mico_e_tecnol__gico_do_caju__Anacardium.txt 2026/02/19 20:54:52 Finished conversion: %s (format=%s, tika=%t, duration=%s) c:\Users\Vicente\prismaid\projects\caju_beverages\03_screening\pdfs\[UFC_7_314767da999ae7ca39886fb7a836a296]_Estudo_qu__mico_e_tecnol__gico_do_caju__Anacardium.pdf pdf false 806.7529ms 2026/02/19 20:54:52 Successfully converted file %s to txt (source=pdf)  c:\Users\Vicente\prismaid\projects\caju_beverages\03_screening\pdfs\[UFC_7_314767da999ae7ca39886fb7a836a296]_Estudo_qu__mico_e_tecnol__gico_do_caju__Anacardium.pdf"
[UFC_7_441afd419b28a579724a7123cae5808d]_Fermenta____o_alco__lica_do_suco_de_caju__anacardi.pdf,ok,"2026/02/19 20:54:52 Starting conversion: %s (format=%s) c:\Users\Vicente\prismaid\projects\caju_beverages\03_screening\pdfs\[UFC_7_441afd419b28a579724a7123cae5808d]_Fermenta____o_alco__lica_do_suco_de_caju__anacardi.pdf pdf 2026/02/19 20:54:54 Successfully wrote to %s c:\Users\Vicente\prismaid\projects\caju_beverages\03_screening\pdfs\[UFC_7_441afd419b28a579724a7123cae5808d]_Fermenta____o_alco__lica_do_suco_de_caju__anacardi.txt 2026/02/19 20:54:54 Finished conversion: %s (format=%s, tika=%t, duration=%s) c:\Users\Vicente\prismaid\projects\caju_beverages\03_screening\pdfs\[UFC_7_441afd419b28a579724a7123cae5808d]_Fermenta____o_alco__lica_do_suco_de_caju__anacardi.pdf pdf false 1.973827s 2026/02/19 20:54:54 Successfully converted file %s to txt (source=pdf)  c:\Users\Vicente\prismaid\projects\caju_beverages\03_screening\pdfs\[UFC_7_441afd419b28a579724a7123cae5808d]_Fermenta____o_alco__lica_do_suco_de_caju__anacardi.pdf"
[UFC_7_531d9351177cc07dc912496adfe00c14]_Efeito_do_extrato_do_baga__o_do_pend__culo_de_caju.pdf,ok,"2026/02/19 20:54:54 Starting conversion: %s (format=%s) c:\Users\Vicente\prismaid\projects\caju_beverages\03_screening\pdfs\[UFC_7_531d9351177cc07dc912496adfe00c14]_Efeito_do_extrato_do_baga__o_do_pend__culo_de_caju.pdf pdf 2026/02/19 20:54:55 Successfully wrote to %s c:\Users\Vicente\prismaid\projects\caju_beverages\03_screening\pdfs\[UFC_7_531d9351177cc07dc912496adfe00c14]_Efeito_do_extrato_do_baga__o_do_pend__culo_de_caju.txt 2026/02/19 20:54:55 Finished conversion: %s (format=%s, tika=%t, duration=%s) c:\Users\Vicente\prismaid\projects\caju_beverages\03_screening\pdfs\[UFC_7_531d9351177cc07dc912496adfe00c14]_Efeito_do_extrato_do_baga__o_do_pend__culo_de_caju.pdf pdf false 481.2404ms 2026/02/19 20:54:55 Successfully converted file %s to txt (source=pdf)  c:\Users\Vicente\prismaid\projects\caju_beverages\03_screening\pdfs\[UFC_7_531d9351177cc07dc912496adfe00c14]_Efeito_do_extrato_do_baga__o_do_pend__culo_de_caju.pdf"
[UFC_7_5d88fd420edeb8e8f9de2cf22f0702dc]_Atividades_antioxidante__anti_inflamat__ria_e_cica.pdf,ok,"2026/02/19 20:54:55 Starting conversion: %s (format=%s) c:\Users\Vicente\prismaid\projects\caju_beverages\03_screening\pdfs\[UFC_7_5d88fd420edeb8e8f9de2cf22f0702dc]_Atividades_antioxidante__anti_inflamat__ria_e_cica.pdf pdf 2026/02/19 20:54:56 Successfully wrote to %s c:\Users\Vicente\prismaid\projects\caju_beverages\03_screening\pdfs\[UFC_7_5d88fd420edeb8e8f9de2cf22f0702dc]_Atividades_antioxidante__anti_inflamat__ria_e_cica.txt 2026/02/19 20:54:56 Finished conversion: %s (format=%s, tika=%t, duration=%s) c:\Users\Vicente\prismaid\projects\caju_beverages\03_screening\pdfs\[UFC_7_5d88fd420edeb8e8f9de2cf22f0702dc]_Atividades_antioxidante__anti_inflamat__ria_e_cica.pdf pdf false 633.4914ms 2026/02/19 20:54:56 Successfully converted file %s to txt (source=pdf)  c:\Users\Vicente\prismaid\projects\caju_beverages\03_screening\pdfs\[UFC_7_5d88fd420edeb8e8f9de2cf22f0702dc]_Atividades_antioxidante__anti_inflamat__ria_e_cica.pdf"
[UFC_7_6d20213f8e4e63e8e4b1b40a0fb8ac44]_Estudo_da_viabilidade_da_produ____o_de_etanol_a_pa.pdf,ok,"2026/02/19 20:54:56 Starting conversion: %s (format=%s) c:\Users\Vicente\prismaid\projects\caju_beverages\03_screening\pdfs\[UFC_7_6d20213f8e4e63e8e4b1b40a0fb8ac44]_Estudo_da_viabilidade_da_produ____o_de_etanol_a_pa.pdf pdf 2026/02/19 20:54:57 Successfully wrote to %s c:\Users\Vicente\prismaid\projects\caju_beverages\03_screening\pdfs\[UFC_7_6d20213f8e4e63e8e4b1b40a0fb8ac44]_Estudo_da_viabilidade_da_produ____o_de_etanol_a_pa.txt 2026/02/19 20:54:57 Finished conversion: %s (format=%s, tika=%t, duration=%s) c:\Users\Vicente\prismaid\projects\caju_beverages\03_screening\pdfs\[UFC_7_6d20213f8e4e63e8e4b1b40a0fb8ac44]_Estudo_da_viabilidade_da_produ____o_de_etanol_a_pa.pdf pdf false 886.6187ms 2026/02/19 20:54:57 Successfully converted file %s to txt (source=pdf)  c:\Users\Vicente\prismaid\projects\caju_beverages\03_screening\pdfs\[UFC_7_6d20213f8e4e63e8e4b1b40a0fb8ac44]_Estudo_da_viabilidade_da_produ____o_de_etanol_a_pa.pdf"
[UFC_7_6f368b8a2a062636fc33aafcdfe01967]_Efeito_do_processamento_sobre_caracter__sticas_de_.pdf,ok,"2026/02/19 20:54:57 Starting conversion: %s (format=%s) c:\Users\Vicente\prismaid\projects\caju_beverages\03_screening\pdfs\[UFC_7_6f368b8a2a062636fc33aafcdfe01967]_Efeito_do_processamento_sobre_caracter__sticas_de_.pdf pdf 2026/02/19 20:54:58 Successfully wrote to %s c:\Users\Vicente\prismaid\projects\caju_beverages\03_screening\pdfs\[UFC_7_6f368b8a2a062636fc33aafcdfe01967]_Efeito_do_processamento_sobre_caracter__sticas_de_.txt 2026/02/19 20:54:58 Finished conversion: %s (format=%s, tika=%t, duration=%s) c:\Users\Vicente\prismaid\projects\caju_beverages\03_screening\pdfs\[UFC_7_6f368b8a2a062636fc33aafcdfe01967]_Efeito_do_processamento_sobre_caracter__sticas_de_.pdf pdf false 1.0270225s 2026/02/19 20:54:58 Successfully converted file %s to txt (source=pdf)  c:\Users\Vicente\prismaid\projects\caju_beverages\03_screening\pdfs\[UFC_7_6f368b8a2a062636fc33aafcdfe01967]_Efeito_do_processamento_sobre_caracter__sticas_de_.pdf"
[UFC_7_84aacb2d22ca7ab512b6298546fad251]_Efeito_prebi__tico_de_suco_de_caju__Anacardium_occ.pdf,ok,"2026/02/19 20:54:58 Starting conversion: %s (format=%s) c:\Users\Vicente\prismaid\projects\caju_beverages\03_screening\pdfs\[UFC_7_84aacb2d22ca7ab512b6298546fad251]_Efeito_prebi__tico_de_suco_de_caju__Anacardium_occ.pdf pdf 2026/02/19 20:54:59 Successfully wrote to %s c:\Users\Vicente\prismaid\projects\caju_beverages\03_screening\pdfs\[UFC_7_84aacb2d22ca7ab512b6298546fad251]_Efeito_prebi__tico_de_suco_de_caju__Anacardium_occ.txt 2026/02/19 20:54:59 Finished conversion: %s (format=%s, tika=%t, duration=%s) c:\Users\Vicente\prismaid\projects\caju_beverages\03_screening\pdfs\[UFC_7_84aacb2d22ca7ab512b6298546fad251]_Efeito_prebi__tico_de_suco_de_caju__Anacardium_occ.pdf pdf false 1.1913792s 2026/02/19 20:54:59 Successfully converted file %s to txt (source=pdf)  c:\Users\Vicente\prismaid\projects\caju_beverages\03_screening\pdfs\[UFC_7_84aacb2d22ca7ab512b6298546fad251]_Efeito_prebi__tico_de_suco_de_caju__Anacardium_occ.pdf"
[UFC_7_859d4dc7b28bc4d2d48691daf939286a]_Elabora____o__caracteriza____o_f__sico_qu__mica_e_.pdf,ok,"2026/02/19 20:54:59 Starting conversion: %s (format=%s) c:\Users\Vicente\prismaid\projects\caju_beverages\03_screening\pdfs\[UFC_7_859d4dc7b28bc4d2d48691daf939286a]_Elabora____o__caracteriza____o_f__sico_qu__mica_e_.pdf pdf 2026/02/19 20:54:59 Successfully wrote to %s c:\Users\Vicente\prismaid\projects\caju_beverages\03_screening\pdfs\[UFC_7_859d4dc7b28bc4d2d48691daf939286a]_Elabora____o__caracteriza____o_f__sico_qu__mica_e_.txt 2026/02/19 20:54:59 Finished conversion: %s (format=%s, tika=%t, duration=%s) c:\Users\Vicente\prismaid\projects\caju_beverages\03_screening\pdfs\[UFC_7_859d4dc7b28bc4d2d48691daf939286a]_Elabora____o__caracteriza____o_f__sico_qu__mica_e_.pdf pdf false 61.2356ms 2026/02/19 20:54:59 Successfully converted file %s to txt (source=pdf)  c:\Users\Vicente\prismaid\projects\caju_beverages\03_screening\pdfs\[UFC_7_859d4dc7b28bc4d2d48691daf939286a]_Elabora____o__caracteriza____o_f__sico_qu__mica_e_.pdf"
[UFC_7_85fb59ad86b275bbe7419c59c76906e1]_Efeito_esofagoprotetor_de_um_biopol__mero__a_goma_.pdf,ok,"2026/02/19 20:55:00 Starting conversion: %s (format=%s) c:\Users\Vicente\prismaid\projects\caju_beverages\03_screening\pdfs\[UFC_7_85fb59ad86b275bbe7419c59c76906e1]_Efeito_esofagoprotetor_de_um_biopol__mero__a_goma_.pdf pdf 2026/02/19 20:55:01 Successfully wrote to %s c:\Users\Vicente\prismaid\projects\caju_beverages\03_screening\pdfs\[UFC_7_85fb59ad86b275bbe7419c59c76906e1]_Efeito_esofagoprotetor_de_um_biopol__mero__a_goma_.txt 2026/02/19 20:55:01 Finished conversion: %s (format=%s, tika=%t, duration=%s) c:\Users\Vicente\prismaid\projects\caju_beverages\03_screening\pdfs\[UFC_7_85fb59ad86b275bbe7419c59c76906e1]_Efeito_esofagoprotetor_de_um_biopol__mero__a_goma_.pdf pdf false 1.3548957s 2026/02/19 20:55:01 Successfully converted file %s to txt (source=pdf)  c:\Users\Vicente\prismaid\projects\caju_beverages\03_screening\pdfs\[UFC_7_85fb59ad86b275bbe7419c59c76906e1]_Efeito_esofagoprotetor_de_um_biopol__mero__a_goma_.pdf"
[UFC_7_988e31ac1a02682de181c8e8cb031007]_Caracteriza____o_e_estudo_da_aplicabilidade_do_bio.pdf,ok,"2026/02/19 20:55:01 Starting conversion: %s (format=%s) c:\Users\Vicente\prismaid\projects\caju_beverages\03_screening\pdfs\[UFC_7_988e31ac1a02682de181c8e8cb031007]_Caracteriza____o_e_estudo_da_aplicabilidade_do_bio.pdf pdf 2026/02/19 20:55:02 Successfully wrote to %s c:\Users\Vicente\prismaid\projects\caju_beverages\03_screening\pdfs\[UFC_7_988e31ac1a02682de181c8e8cb031007]_Caracteriza____o_e_estudo_da_aplicabilidade_do_bio.txt 2026/02/19 20:55:02 Finished conversion: %s (format=%s, tika=%t, duration=%s) c:\Users\Vicente\prismaid\projects\caju_beverages\03_screening\pdfs\[UFC_7_988e31ac1a02682de181c8e8cb031007]_Caracteriza____o_e_estudo_da_aplicabilidade_do_bio.pdf pdf false 1.1462578s 2026/02/19 20:55:02 Successfully converted file %s to txt (source=pdf)  c:\Users\Vicente\prismaid\projects\caju_beverages\03_screening\pdfs\[UFC_7_988e31ac1a02682de181c8e8cb031007]_Caracteriza____o_e_estudo_da_aplicabilidade_do_bio.pdf"
[UFC_7_bb347466f0ae18399a2a091a79cd7b26]_Desidrata____o_de_polpa_de_manga_e_suco_de_caju_in.pdf,ok,"2026/02/19 20:55:02 Starting conversion: %s (format=%s) c:\Users\Vicente\prismaid\projects\caju_beverages\03_screening\pdfs\[UFC_7_bb347466f0ae18399a2a091a79cd7b26]_Desidrata____o_de_polpa_de_manga_e_suco_de_caju_in.pdf pdf 2026/02/19 20:55:02 No text rows found on page %d 4 2026/02/19 20:55:03 No text rows found on page %d 51 2026/02/19 20:55:04 Successfully wrote to %s c:\Users\Vicente\prismaid\projects\caju_beverages\03_screening\pdfs\[UFC_7_bb347466f0ae18399a2a091a79cd7b26]_Desidrata____o_de_polpa_de_manga_e_suco_de_caju_in.txt 2026/02/19 20:55:04 Finished conversion: %s (format=%s, tika=%t, duration=%s) c:\Users\Vicente\prismaid\projects\caju_beverages\03_screening\pdfs\[UFC_7_bb347466f0ae18399a2a091a79cd7b26]_Desidrata____o_de_polpa_de_manga_e_suco_de_caju_in.pdf pdf false 1.4817548s 2026/02/19 20:55:04 Successfully converted file %s to txt (source=pdf)  c:\Users\Vicente\prismaid\projects\caju_beverages\03_screening\pdfs\[UFC_7_bb347466f0ae18399a2a091a79cd7b26]_Desidrata____o_de_polpa_de_manga_e_suco_de_caju_in.pdf"
[UFC_7_bd79abacd709279e03cc6e6c2a73dbd8]_Desenvolvimento_de_uma_bebida_fermentada____base_d.pdf,ok,"2026/02/19 20:55:04 Starting conversion: %s (format=%s) c:\Users\Vicente\prismaid\projects\caju_beverages\03_screening\pdfs\[UFC_7_bd79abacd709279e03cc6e6c2a73dbd8]_Desenvolvimento_de_uma_bebida_fermentada____base_d.pdf pdf 2026/02/19 20:55:05 Successfully wrote to %s c:\Users\Vicente\prismaid\projects\caju_beverages\03_screening\pdfs\[UFC_7_bd79abacd709279e03cc6e6c2a73dbd8]_Desenvolvimento_de_uma_bebida_fermentada____base_d.txt 2026/02/19 20:55:05 Finished conversion: %s (format=%s, tika=%t, duration=%s) c:\Users\Vicente\prismaid\projects\caju_beverages\03_screening\pdfs\[UFC_7_bd79abacd709279e03cc6e6c2a73dbd8]_Desenvolvimento_de_uma_bebida_fermentada____base_d.pdf pdf false 552.152ms 2026/02/19 20:55:05 Successfully converted file %s to txt (source=pdf)  c:\Users\Vicente\prismaid\projects\caju_beverages\03_screening\pdfs\[UFC_7_bd79abacd709279e03cc6e6c2a73dbd8]_Desenvolvimento_de_uma_bebida_fermentada____base_d.pdf"
[UFC_7_d382bdede3442d0974d4ebf10047eab2]_Processamento_de_suco_de_caju__Anacardium_occident.pdf,ok,"2026/02/19 20:55:05 Starting conversion: %s (format=%s) c:\Users\Vicente\prismaid\projects\caju_beverages\03_screening\pdfs\[UFC_7_d382bdede3442d0974d4ebf10047eab2]_Processamento_de_suco_de_caju__Anacardium_occident.pdf pdf 2026/02/19 20:55:05 Successfully wrote to %s c:\Users\Vicente\prismaid\projects\caju_beverages\03_screening\pdfs\[UFC_7_d382bdede3442d0974d4ebf10047eab2]_Processamento_de_suco_de_caju__Anacardium_occident.txt 2026/02/19 20:55:05 Finished conversion: %s (format=%s, tika=%t, duration=%s) c:\Users\Vicente\prismaid\projects\caju_beverages\03_screening\pdfs\[UFC_7_d382bdede3442d0974d4ebf10047eab2]_Processamento_de_suco_de_caju__Anacardium_occident.pdf pdf false 576.4606ms 2026/02/19 20:55:05 Successfully converted file %s to txt (source=pdf)  c:\Users\Vicente\prismaid\projects\caju_beverages\03_screening\pdfs\[UFC_7_d382bdede3442d0974d4ebf10047eab2]_Processamento_de_suco_de_caju__Anacardium_occident.pdf"
[UFC_7_db7ee032cb690e2ce79bd17687f2b3ad]_Processamento_de_fibra_de_caju_por_extra____o_de_s.pdf,ok,"2026/02/19 20:55:05 Starting conversion: %s (format=%s) c:\Users\Vicente\prismaid\projects\caju_beverages\03_screening\pdfs\[UFC_7_db7ee032cb690e2ce79bd17687f2b3ad]_Processamento_de_fibra_de_caju_por_extra____o_de_s.pdf pdf 2026/02/19 20:55:06 Successfully wrote to %s c:\Users\Vicente\prismaid\projects\caju_beverages\03_screening\pdfs\[UFC_7_db7ee032cb690e2ce79bd17687f2b3ad]_Processamento_de_fibra_de_caju_por_extra____o_de_s.txt 2026/02/19 20:55:06 Finished conversion: %s (format=%s, tika=%t, duration=%s) c:\Users\Vicente\prismaid\projects\caju_beverages\03_screening\pdfs\[UFC_7_db7ee032cb690e2ce79bd17687f2b3ad]_Processamento_de_fibra_de_caju_por_extra____o_de_s.pdf pdf false 683.172ms 2026/02/19 20:55:06 Successfully converted file %s to txt (source=pdf)  c:\Users\Vicente\prismaid\projects\caju_beverages\03_screening\pdfs\[UFC_7_db7ee032cb690e2ce79bd17687f2b3ad]_Processamento_de_fibra_de_caju_por_extra____o_de_s.pdf"
[UFPB_f68f571ba8a8a3480f2c8fd6fd946475]_Avalia____o_in_vitro_do_potencial_prebi__tico_do_s.pdf,ok,"2026/02/19 20:55:06 Starting conversion: %s (format=%s) c:\Users\Vicente\prismaid\projects\caju_beverages\03_screening\pdfs\[UFPB_f68f571ba8a8a3480f2c8fd6fd946475]_Avalia____o_in_vitro_do_potencial_prebi__tico_do_s.pdf pdf 2026/02/19 20:55:07 Successfully wrote to %s c:\Users\Vicente\prismaid\projects\caju_beverages\03_screening\pdfs\[UFPB_f68f571ba8a8a3480f2c8fd6fd946475]_Avalia____o_in_vitro_do_potencial_prebi__tico_do_s.txt 2026/02/19 20:55:07 Finished conversion: %s (format=%s, tika=%t, duration=%s) c:\Users\Vicente\prismaid\projects\caju_beverages\03_screening\pdfs\[UFPB_f68f571ba8a8a3480f2c8fd6fd946475]_Avalia____o_in_vitro_do_potencial_prebi__tico_do_s.pdf pdf false 640.7201ms 2026/02/19 20:55:07 Successfully converted file %s to txt (source=pdf)  c:\Users\Vicente\prismaid\projects\caju_beverages\03_screening\pdfs\[UFPB_f68f571ba8a8a3480f2c8fd6fd946475]_Avalia____o_in_vitro_do_potencial_prebi__tico_do_s.pdf"
[UFPE_7c031fe762a6e7c746ff9b41749ba508]_Desenvolvimento_de_uma_bebida_funcional_a_base_de_.pdf,ok,"2026/02/19 20:55:07 Starting conversion: %s (format=%s) c:\Users\Vicente\prismaid\projects\caju_beverages\03_screening\pdfs\[UFPE_7c031fe762a6e7c746ff9b41749ba508]_Desenvolvimento_de_uma_bebida_funcional_a_base_de_.pdf pdf 2026/02/19 20:55:09 Successfully wrote to %s c:\Users\Vicente\prismaid\projects\caju_beverages\03_screening\pdfs\[UFPE_7c031fe762a6e7c746ff9b41749ba508]_Desenvolvimento_de_uma_bebida_funcional_a_base_de_.txt 2026/02/19 20:55:09 Finished conversion: %s (format=%s, tika=%t, duration=%s) c:\Users\Vicente\prismaid\projects\caju_beverages\03_screening\pdfs\[UFPE_7c031fe762a6e7c746ff9b41749ba508]_Desenvolvimento_de_uma_bebida_funcional_a_base_de_.pdf pdf false 1.7254861s 2026/02/19 20:55:09 Successfully converted file %s to txt (source=pdf)  c:\Users\Vicente\prismaid\projects\caju_beverages\03_screening\pdfs\[UFPE_7c031fe762a6e7c746ff9b41749ba508]_Desenvolvimento_de_uma_bebida_funcional_a_base_de_.pdf"
[URPE_15ad485b1aa755f34407845a78c07436]_Desenvolvimento_e_caracteriza____o_de_bebida_com_p.pdf,ok,"2026/02/19 20:55:09 Starting conversion: %s (format=%s) c:\Users\Vicente\prismaid\projects\caju_beverages\03_screening\pdfs\[URPE_15ad485b1aa755f34407845a78c07436]_Desenvolvimento_e_caracteriza____o_de_bebida_com_p.pdf pdf 2026/02/19 20:55:09 Successfully wrote to %s c:\Users\Vicente\prismaid\projects\caju_beverages\03_screening\pdfs\[URPE_15ad485b1aa755f34407845a78c07436]_Desenvolvimento_e_caracteriza____o_de_bebida_com_p.txt 2026/02/19 20:55:09 Finished conversion: %s (format=%s, tika=%t, duration=%s) c:\Users\Vicente\prismaid\projects\caju_beverages\03_screening\pdfs\[URPE_15ad485b1aa755f34407845a78c07436]_Desenvolvimento_e_caracteriza____o_de_bebida_com_p.pdf pdf false 583.2137ms 2026/02/19 20:55:09 Successfully converted file %s to txt (source=pdf)  c:\Users\Vicente\prismaid\projects\caju_beverages\03_screening\pdfs\[URPE_15ad485b1aa755f34407845a78c07436]_Desenvolvimento_e_caracteriza____o_de_bebida_com_p.pdf"
[USP_aece952a877456ab1084c19a950dbb2b]_M__todos_de_redu____o_da_adstring__ncia_de_ped__nc.pdf,ok,"2026/02/19 20:55:09 Starting conversion: %s (format=%s) c:\Users\Vicente\prismaid\projects\caju_beverages\03_screening\pdfs\[USP_aece952a877456ab1084c19a950dbb2b]_M__todos_de_redu____o_da_adstring__ncia_de_ped__nc.pdf pdf 2026/02/19 20:55:09 No text rows found on page %d 2 2026/02/19 20:55:11 Successfully wrote to %s c:\Users\Vicente\prismaid\projects\caju_beverages\03_screening\pdfs\[USP_aece952a877456ab1084c19a950dbb2b]_M__todos_de_redu____o_da_adstring__ncia_de_ped__nc.txt 2026/02/19 20:55:11 Finished conversion: %s (format=%s, tika=%t, duration=%s) c:\Users\Vicente\prismaid\projects\caju_beverages\03_screening\pdfs\[USP_aece952a877456ab1084c19a950dbb2b]_M__todos_de_redu____o_da_adstring__ncia_de_ped__nc.pdf pdf false 1.3661239s 2026/02/19 20:55:11 Successfully converted file %s to txt (source=pdf)  c:\Users\Vicente\prismaid\projects\caju_beverages\03_screening\pdfs\[USP_aece952a877456ab1084c19a950dbb2b]_M__todos_de_redu____o_da_adstring__ncia_de_ped__nc.pdf"
[USP_ecaf30786b2b1b00538339a5b023e098]_Aplica____o_do_subproduto_de_caju__Anacardium_occi.pdf,ok,"2026/02/19 20:55:11 Starting conversion: %s (format=%s) c:\Users\Vicente\prismaid\projects\caju_beverages\03_screening\pdfs\[USP_ecaf30786b2b1b00538339a5b023e098]_Aplica____o_do_subproduto_de_caju__Anacardium_occi.pdf pdf 2026/02/19 20:55:12 Successfully wrote to %s c:\Users\Vicente\prismaid\projects\caju_beverages\03_screening\pdfs\[USP_ecaf30786b2b1b00538339a5b023e098]_Aplica____o_do_subproduto_de_caju__Anacardium_occi.txt 2026/02/19 20:55:12 Finished conversion: %s (format=%s, tika=%t, duration=%s) c:\Users\Vicente\prismaid\projects\caju_beverages\03_screening\pdfs\[USP_ecaf30786b2b1b00538339a5b023e098]_Aplica____o_do_subproduto_de_caju__Anacardium_occi.pdf pdf false 1.0844905s 2026/02/19 20:55:12 Successfully converted file %s to txt (source=pdf)  c:\Users\Vicente\prismaid\projects\caju_beverages\03_screening\pdfs\[USP_ecaf30786b2b1b00538339a5b023e098]_Aplica____o_do_subproduto_de_caju__Anacardium_occi.pdf"
[_handle_11422_10363]_Diamond__embalagem_individual_para_bebidas_destila.pdf,ok,"2026/02/19 20:55:12 Starting conversion: %s (format=%s) c:\Users\Vicente\prismaid\projects\caju_beverages\03_screening\pdfs\[_handle_11422_10363]_Diamond__embalagem_individual_para_bebidas_destila.pdf pdf 2026/02/19 20:55:13 Successfully wrote to %s c:\Users\Vicente\prismaid\projects\caju_beverages\03_screening\pdfs\[_handle_11422_10363]_Diamond__embalagem_individual_para_bebidas_destila.txt 2026/02/19 20:55:13 Finished conversion: %s (format=%s, tika=%t, duration=%s) c:\Users\Vicente\prismaid\projects\caju_beverages\03_screening\pdfs\[_handle_11422_10363]_Diamond__embalagem_individual_para_bebidas_destila.pdf pdf false 528.0003ms 2026/02/19 20:55:13 Successfully converted file %s to txt (source=pdf)  c:\Users\Vicente\prismaid\projects\caju_beverages\03_screening\pdfs\[_handle_11422_10363]_Diamond__embalagem_individual_para_bebidas_destila.pdf"
[_handle_11422_20062]_Avalia____o_de_par__metros_f__sico_qu__micos_de_co.pdf,ok,"2026/02/19 20:55:13 Starting conversion: %s (format=%s) c:\Users\Vicente\prismaid\projects\caju_beverages\03_screening\pdfs\[_handle_11422_20062]_Avalia____o_de_par__metros_f__sico_qu__micos_de_co.pdf pdf 2026/02/19 20:55:13 Successfully wrote to %s c:\Users\Vicente\prismaid\projects\caju_beverages\03_screening\pdfs\[_handle_11422_20062]_Avalia____o_de_par__metros_f__sico_qu__micos_de_co.txt 2026/02/19 20:55:13 Finished conversion: %s (format=%s, tika=%t, duration=%s) c:\Users\Vicente\prismaid\projects\caju_beverages\03_screening\pdfs\[_handle_11422_20062]_Avalia____o_de_par__metros_f__sico_qu__micos_de_co.pdf pdf false 319.8662ms 2026/02/19 20:55:13 Successfully converted file %s to txt (source=pdf)  c:\Users\Vicente\prismaid\projects\caju_beverages\03_screening\pdfs\[_handle_11422_20062]_Avalia____o_de_par__metros_f__sico_qu__micos_de_co.pdf"
[_handle_11422_20106]_Desenvolvimento_de_conservantes_antimicrobianos_de.pdf,ok,"2026/02/19 20:55:13 Starting conversion: %s (format=%s) c:\Users\Vicente\prismaid\projects\caju_beverages\03_screening\pdfs\[_handle_11422_20106]_Desenvolvimento_de_conservantes_antimicrobianos_de.pdf pdf 2026/02/19 20:55:14 Successfully wrote to %s c:\Users\Vicente\prismaid\projects\caju_beverages\03_screening\pdfs\[_handle_11422_20106]_Desenvolvimento_de_conservantes_antimicrobianos_de.txt 2026/02/19 20:55:14 Finished conversion: %s (format=%s, tika=%t, duration=%s) c:\Users\Vicente\prismaid\projects\caju_beverages\03_screening\pdfs\[_handle_11422_20106]_Desenvolvimento_de_conservantes_antimicrobianos_de.pdf pdf false 610.6464ms 2026/02/19 20:55:14 Successfully converted file %s to txt (source=pdf)  c:\Users\Vicente\prismaid\projects\caju_beverages\03_screening\pdfs\[_handle_11422_20106]_Desenvolvimento_de_conservantes_antimicrobianos_de.pdf"
[_handle_11422_21042]_Estudo_de_viabilidade_t__cnica_e_econ__mica_de_uma.pdf,ok,"2026/02/19 20:55:14 Starting conversion: %s (format=%s) c:\Users\Vicente\prismaid\projects\caju_beverages\03_screening\pdfs\[_handle_11422_21042]_Estudo_de_viabilidade_t__cnica_e_econ__mica_de_uma.pdf pdf 2026/02/19 20:55:14 Successfully wrote to %s c:\Users\Vicente\prismaid\projects\caju_beverages\03_screening\pdfs\[_handle_11422_21042]_Estudo_de_viabilidade_t__cnica_e_econ__mica_de_uma.txt 2026/02/19 20:55:14 Finished conversion: %s (format=%s, tika=%t, duration=%s) c:\Users\Vicente\prismaid\projects\caju_beverages\03_screening\pdfs\[_handle_11422_21042]_Estudo_de_viabilidade_t__cnica_e_econ__mica_de_uma.pdf pdf false 493.1855ms 2026/02/19 20:55:14 Successfully converted file %s to txt (source=pdf)  c:\Users\Vicente\prismaid\projects\caju_beverages\03_screening\pdfs\[_handle_11422_21042]_Estudo_de_viabilidade_t__cnica_e_econ__mica_de_uma.pdf"
[_handle_11422_21760]_Aplica____o_de_ferramentas_de_identifica____o_mole.pdf,ok,"2026/02/19 20:55:14 Starting conversion: %s (format=%s) c:\Users\Vicente\prismaid\projects\caju_beverages\03_screening\pdfs\[_handle_11422_21760]_Aplica____o_de_ferramentas_de_identifica____o_mole.pdf pdf 2026/02/19 20:55:15 Successfully wrote to %s c:\Users\Vicente\prismaid\projects\caju_beverages\03_screening\pdfs\[_handle_11422_21760]_Aplica____o_de_ferramentas_de_identifica____o_mole.txt 2026/02/19 20:55:15 Finished conversion: %s (format=%s, tika=%t, duration=%s) c:\Users\Vicente\prismaid\projects\caju_beverages\03_screening\pdfs\[_handle_11422_21760]_Aplica____o_de_ferramentas_de_identifica____o_mole.pdf pdf false 497.4987ms 2026/02/19 20:55:15 Successfully converted file %s to txt (source=pdf)  c:\Users\Vicente\prismaid\projects\caju_beverages\03_screening\pdfs\[_handle_11422_21760]_Aplica____o_de_ferramentas_de_identifica____o_mole.pdf"
